census tract,Poverty Percent,borough
2,20.0,Bronx
4,13.2,Bronx
16,26.3,Bronx
19,37.1,Bronx
20,53.2,Bronx
23,54.2,Bronx
24,0.0,Bronx
25,50.5,Bronx
27.01,52.6,Bronx
27.02,52.7,Bronx
28,8.5,Bronx
31,18.1,Bronx
33,56.3,Bronx
35,36.3,Bronx
37,43.5,Bronx
38,31.3,Bronx
39,30.2,Bronx
40.01,16.6,Bronx
41,53.3,Bronx
42,40.5,Bronx
43,46.6,Bronx
44,34.8,Bronx
46,25.5,Bronx
48,33.2,Bronx
50.01,34.4,Bronx
50.02,45.6,Bronx
51,49.4,Bronx
52,49.3,Bronx
53,54.7,Bronx
54,41.7,Bronx
56,38.0,Bronx
59.02,26.9,Bronx
60,35.2,Bronx
61,9.8,Bronx
62,34.7,Bronx
63,27.7,Bronx
64,41.1,Bronx
65,44.2,Bronx
67,47.1,Bronx
68,22.5,Bronx
69,44.0,Bronx
70,30.1,Bronx
71,28.8,Bronx
72,33.4,Bronx
73,50.7,Bronx
74,19.3,Bronx
75,31.7,Bronx
76,34.6,Bronx
77,37.8,Bronx
78,31.0,Bronx
79,44.7,Bronx
83,41.9,Bronx
84,13.6,Bronx
85,39.3,Bronx
86,39.1,Bronx
87,30.4,Bronx
89,32.5,Bronx
90,36.7,Bronx
92,21.3,Bronx
93,40.7,Bronx
96,15.6,Bronx
98,23.3,Bronx
110,20.9,Bronx
115.02,47.6,Bronx
117,33.4,Bronx
118,11.3,Bronx
119,39.3,Bronx
121.01,43.1,Bronx
121.02,49.6,Bronx
123,45.1,Bronx
125,42.9,Bronx
127.01,49.4,Bronx
129.01,48.9,Bronx
130,5.7,Bronx
131,35.5,Bronx
132,7.0,Bronx
133,25.5,Bronx
135,40.2,Bronx
138,5.5,Bronx
141,26.2,Bronx
143,52.2,Bronx
144,46.4,Bronx
145,50.4,Bronx
147.01,61.0,Bronx
147.02,57.8,Bronx
149,48.5,Bronx
151,28.2,Bronx
152,14.0,Bronx
153,50.8,Bronx
155,51.7,Bronx
157,26.7,Bronx
158,11.5,Bronx
159,51.0,Bronx
160,3.3,Bronx
161,51.6,Bronx
162,14.4,Bronx
164,10.1,Bronx
165,33.9,Bronx
166,10.2,Bronx
167,43.8,Bronx
169,39.4,Bronx
173,36.7,Bronx
175,45.8,Bronx
177.01,46.7,Bronx
177.02,42.1,Bronx
179.01,44.3,Bronx
179.02,41.3,Bronx
181.01,34.5,Bronx
181.02,33.7,Bronx
183.01,23.9,Bronx
183.02,36.4,Bronx
184,14.5,Bronx
185,43.8,Bronx
189,44.1,Bronx
193,50.9,Bronx
194,23.6,Bronx
195,34.4,Bronx
197,35.7,Bronx
199,38.1,Bronx
200,27.4,Bronx
201,43.0,Bronx
202,25.9,Bronx
204,18.1,Bronx
205.01,35.6,Bronx
205.02,43.0,Bronx
206.01,16.1,Bronx
209,35.8,Bronx
210.01,14.5,Bronx
210.02,18.5,Bronx
211,47.7,Bronx
212,13.7,Bronx
213.01,48.2,Bronx
213.02,34.8,Bronx
215.01,38.1,Bronx
215.02,44.6,Bronx
216.01,42.9,Bronx
216.02,20.3,Bronx
217,51.1,Bronx
218,22.1,Bronx
219,29.1,Bronx
220,52.9,Bronx
221.01,41.8,Bronx
221.02,49.7,Bronx
222,28.7,Bronx
223,41.4,Bronx
224.01,21.4,Bronx
224.03,25.2,Bronx
224.04,20.6,Bronx
225,36.1,Bronx
227.01,30.1,Bronx
227.02,34.8,Bronx
227.03,27.1,Bronx
228,17.6,Bronx
229.01,36.4,Bronx
229.02,34.6,Bronx
230,23.5,Bronx
231,42.8,Bronx
232,23.4,Bronx
233.01,36.6,Bronx
233.02,50.1,Bronx
235.01,50.8,Bronx
235.02,41.8,Bronx
236,32.2,Bronx
237.02,35.1,Bronx
237.03,43.7,Bronx
237.04,55.0,Bronx
238,28.6,Bronx
239,45.2,Bronx
240,27.9,Bronx
241,38.6,Bronx
243,45.3,Bronx
244,9.9,Bronx
245.01,45.4,Bronx
245.02,54.5,Bronx
246,5.8,Bronx
247,29.3,Bronx
248,9.6,Bronx
250,11.8,Bronx
251,34.6,Bronx
252,23.8,Bronx
253,24.5,Bronx
254,15.6,Bronx
255,50.3,Bronx
256,27.9,Bronx
257,28.0,Bronx
261,8.0,Bronx
263,34.4,Bronx
264,14.2,Bronx
265,32.3,Bronx
266.01,15.0,Bronx
266.02,19.6,Bronx
267.01,29.4,Bronx
267.02,27.6,Bronx
269,34.8,Bronx
273,24.4,Bronx
274.01,4.5,Bronx
274.02,9.4,Bronx
276,12.7,Bronx
277,33.5,Bronx
279,11.6,Bronx
281,7.6,Bronx
283,32.5,Bronx
284,23.6,Bronx
285,17.1,Bronx
286,21.6,Bronx
287,24.6,Bronx
288,4.9,Bronx
289,13.4,Bronx
293.01,10.4,Bronx
293.02,1.4,Bronx
295,5.9,Bronx
296,14.4,Bronx
297,3.1,Bronx
300,11.1,Bronx
301,12.3,Bronx
302,7.9,Bronx
307.01,7.8,Bronx
309,3.1,Bronx
310,11.0,Bronx
312,4.0,Bronx
314,5.7,Bronx
316,15.1,Bronx
318,12.7,Bronx
319,84.3,Bronx
323,3.5,Bronx
324,33.1,Bronx
326,6.5,Bronx
328,31.7,Bronx
330,25.9,Bronx
332.01,22.3,Bronx
332.02,23.1,Bronx
334,19.2,Bronx
335,6.5,Bronx
336,31.6,Bronx
337,5.8,Bronx
338,33.4,Bronx
340,31.4,Bronx
342,17.5,Bronx
343,11.8,Bronx
344,14.6,Bronx
345,15.3,Bronx
348,21.8,Bronx
350,15.4,Bronx
351,17.1,Bronx
356,5.6,Bronx
358,6.1,Bronx
359,44.4,Bronx
360,7.9,Bronx
361,44.6,Bronx
363,48.7,Bronx
364,5.5,Bronx
365.01,45.9,Bronx
365.02,46.3,Bronx
367,49.8,Bronx
368,19.2,Bronx
369.01,53.3,Bronx
369.02,45.3,Bronx
370,12.7,Bronx
371,36.0,Bronx
372,19.0,Bronx
373,37.3,Bronx
374,39.4,Bronx
375.04,51.7,Bronx
376,11.0,Bronx
378,25.1,Bronx
379,43.1,Bronx
380,38.8,Bronx
381,34.3,Bronx
382,22.2,Bronx
383.01,39.9,Bronx
383.02,49.3,Bronx
385,54.0,Bronx
386,13.3,Bronx
387,48.7,Bronx
388,20.5,Bronx
389,48.0,Bronx
390,37.4,Bronx
391,41.4,Bronx
392,28.3,Bronx
393,43.3,Bronx
394,31.7,Bronx
395,34.7,Bronx
396,27.8,Bronx
397,51.0,Bronx
398,15.0,Bronx
399.01,47.4,Bronx
399.02,42.3,Bronx
401,42.3,Bronx
403.02,35.3,Bronx
403.03,34.9,Bronx
403.04,34.4,Bronx
404,13.8,Bronx
405.01,26.6,Bronx
405.02,37.2,Bronx
406,26.7,Bronx
407.01,36.5,Bronx
407.02,30.7,Bronx
408,26.0,Bronx
409,17.1,Bronx
411,21.4,Bronx
413,21.9,Bronx
414,12.8,Bronx
415,21.4,Bronx
418,35.5,Bronx
419,20.6,Bronx
420,25.2,Bronx
421,30.1,Bronx
422,11.7,Bronx
423,36.5,Bronx
424,14.3,Bronx
425,35.1,Bronx
426,16.6,Bronx
428,9.3,Bronx
429.01,30.9,Bronx
429.02,34.8,Bronx
430,7.3,Bronx
431,30.1,Bronx
434,14.7,Bronx
435,0.0,Bronx
436,14.2,Bronx
442,26.5,Bronx
444,17.0,Bronx
448,5.7,Bronx
449.01,15.3,Bronx
449.02,8.5,Bronx
451.01,3.1,Bronx
451.02,4.6,Bronx
456,7.4,Bronx
458,54.8,Bronx
460,29.5,Bronx
462.01,6.9,Bronx
462.02,19.8,Bronx
484,6.5,Bronx
504,0.0,Bronx
516,4.0,Bronx
1,15.2,Brooklyn
2,39.8,Brooklyn
3.01,18.2,Brooklyn
5.01,8.0,Brooklyn
5.02,7.3,Brooklyn
7,5.2,Brooklyn
9,7.7,Brooklyn
11,8.8,Brooklyn
13,35.0,Brooklyn
15,26.3,Brooklyn
20,21.1,Brooklyn
21,7.6,Brooklyn
22,29.3,Brooklyn
23,51.5,Brooklyn
29.01,53.9,Brooklyn
30,13.5,Brooklyn
31,3.3,Brooklyn
33,17.0,Brooklyn
34,20.0,Brooklyn
35,6.6,Brooklyn
36,8.4,Brooklyn
37,10.5,Brooklyn
38,6.2,Brooklyn
39,8.7,Brooklyn
41,6.5,Brooklyn
43,8.7,Brooklyn
44,4.9,Brooklyn
45,3.7,Brooklyn
46,2.3,Brooklyn
47,8.7,Brooklyn
49,2.0,Brooklyn
50,3.9,Brooklyn
51,6.6,Brooklyn
52.01,26.2,Brooklyn
52.02,5.2,Brooklyn
53,22.2,Brooklyn
54,15.2,Brooklyn
56.01,13.2,Brooklyn
56.02,9.2,Brooklyn
58,21.9,Brooklyn
59,19.1,Brooklyn
60,18.4,Brooklyn
62,17.7,Brooklyn
63,7.8,Brooklyn
64,11.3,Brooklyn
65,6.0,Brooklyn
66,15.0,Brooklyn
67,3.7,Brooklyn
68,29.7,Brooklyn
69,4.3,Brooklyn
70,13.7,Brooklyn
71,28.3,Brooklyn
72,39.3,Brooklyn
74,32.8,Brooklyn
75,4.1,Brooklyn
76,37.7,Brooklyn
77,5.0,Brooklyn
78,25.9,Brooklyn
80,15.2,Brooklyn
82,33.5,Brooklyn
84,30.2,Brooklyn
85,52.7,Brooklyn
88,10.9,Brooklyn
90,29.7,Brooklyn
92,41.3,Brooklyn
94,36.8,Brooklyn
96,39.7,Brooklyn
98,45.7,Brooklyn
100,40.3,Brooklyn
101,25.2,Brooklyn
102,24.9,Brooklyn
104,30.2,Brooklyn
106,41.9,Brooklyn
108,38.0,Brooklyn
110,28.9,Brooklyn
112,33.6,Brooklyn
114,34.0,Brooklyn
116,31.7,Brooklyn
117,10.2,Brooklyn
118,30.9,Brooklyn
119,7.9,Brooklyn
120,33.7,Brooklyn
121,10.0,Brooklyn
122,38.5,Brooklyn
126,31.1,Brooklyn
127,22.6,Brooklyn
128.01,23.5,Brooklyn
129.01,11.2,Brooklyn
129.02,8.3,Brooklyn
130,24.4,Brooklyn
131,9.7,Brooklyn
132,18.5,Brooklyn
133,4.0,Brooklyn
134,6.4,Brooklyn
135,5.3,Brooklyn
136,12.6,Brooklyn
137,15.1,Brooklyn
138,19.5,Brooklyn
139,10.7,Brooklyn
140,15.7,Brooklyn
141,6.4,Brooklyn
142,15.6,Brooklyn
143,17.8,Brooklyn
145,14.5,Brooklyn
147,14.4,Brooklyn
148,11.6,Brooklyn
149,5.9,Brooklyn
150,8.9,Brooklyn
151,6.9,Brooklyn
152,10.2,Brooklyn
153,4.4,Brooklyn
155,4.7,Brooklyn
157,1.6,Brooklyn
159,3.1,Brooklyn
160,20.7,Brooklyn
161,10.6,Brooklyn
162,11.0,Brooklyn
163,8.1,Brooklyn
164,8.6,Brooklyn
165,5.6,Brooklyn
166,4.5,Brooklyn
167,5.2,Brooklyn
168,8.5,Brooklyn
169,18.6,Brooklyn
170,18.0,Brooklyn
171,3.8,Brooklyn
172,3.8,Brooklyn
174,6.4,Brooklyn
176,12.6,Brooklyn
178,20.2,Brooklyn
179,18.5,Brooklyn
180,27.0,Brooklyn
181,8.3,Brooklyn
182,19.1,Brooklyn
183,7.7,Brooklyn
184,10.3,Brooklyn
185.01,54.2,Brooklyn
186,6.7,Brooklyn
187,14.2,Brooklyn
188,11.3,Brooklyn
190,23.8,Brooklyn
191,23.0,Brooklyn
192,26.8,Brooklyn
193,15.9,Brooklyn
194,16.8,Brooklyn
195,12.8,Brooklyn
196,23.1,Brooklyn
197,14.1,Brooklyn
198,16.5,Brooklyn
199,14.0,Brooklyn
200,14.8,Brooklyn
201,7.6,Brooklyn
202,4.8,Brooklyn
203,16.5,Brooklyn
204,11.2,Brooklyn
205,6.8,Brooklyn
206,7.3,Brooklyn
207,5.0,Brooklyn
208,18.5,Brooklyn
210,23.3,Brooklyn
211,18.7,Brooklyn
212,27.5,Brooklyn
213,24.8,Brooklyn
214,31.5,Brooklyn
215,13.7,Brooklyn
216,42.8,Brooklyn
217,15.4,Brooklyn
218,44.4,Brooklyn
219,21.0,Brooklyn
220,43.8,Brooklyn
221,26.3,Brooklyn
222,45.0,Brooklyn
224,42.5,Brooklyn
226,27.9,Brooklyn
227,14.2,Brooklyn
228,33.8,Brooklyn
229,19.3,Brooklyn
230,38.0,Brooklyn
231,19.0,Brooklyn
232,44.3,Brooklyn
233,33.0,Brooklyn
234,52.7,Brooklyn
235,48.4,Brooklyn
236,45.4,Brooklyn
238,29.9,Brooklyn
240,44.8,Brooklyn
241,23.4,Brooklyn
242,33.4,Brooklyn
243,15.8,Brooklyn
244,41.6,Brooklyn
245,20.6,Brooklyn
246,25.5,Brooklyn
247,20.1,Brooklyn
248,25.6,Brooklyn
249,18.0,Brooklyn
250,18.5,Brooklyn
251,36.0,Brooklyn
252,18.8,Brooklyn
253,25.9,Brooklyn
254,17.3,Brooklyn
255,42.9,Brooklyn
256,16.9,Brooklyn
257,34.6,Brooklyn
258,27.4,Brooklyn
259.01,27.1,Brooklyn
259.02,68.9,Brooklyn
260,18.3,Brooklyn
261,23.1,Brooklyn
262,21.3,Brooklyn
263,22.9,Brooklyn
264,20.5,Brooklyn
265,27.6,Brooklyn
266,10.2,Brooklyn
267,21.4,Brooklyn
268,21.9,Brooklyn
269,12.6,Brooklyn
270,15.5,Brooklyn
271,23.7,Brooklyn
272,18.4,Brooklyn
273,29.0,Brooklyn
274,14.6,Brooklyn
275,25.1,Brooklyn
276,26.5,Brooklyn
277,37.9,Brooklyn
278,24.9,Brooklyn
279,14.0,Brooklyn
280,14.9,Brooklyn
281,52.7,Brooklyn
282,19.4,Brooklyn
283,36.0,Brooklyn
284,20.9,Brooklyn
285.01,12.4,Brooklyn
285.02,50.0,Brooklyn
286,23.9,Brooklyn
287,25.5,Brooklyn
288,22.0,Brooklyn
289,28.5,Brooklyn
290,21.3,Brooklyn
291,14.1,Brooklyn
292,21.1,Brooklyn
293,28.3,Brooklyn
294,22.4,Brooklyn
295,23.6,Brooklyn
296,15.6,Brooklyn
297,32.2,Brooklyn
298,11.1,Brooklyn
299,47.2,Brooklyn
300,15.0,Brooklyn
301,23.4,Brooklyn
302,15.8,Brooklyn
303,53.3,Brooklyn
304,21.3,Brooklyn
305,19.3,Brooklyn
306,22.9,Brooklyn
307,37.3,Brooklyn
308,17.9,Brooklyn
309,40.6,Brooklyn
311,29.4,Brooklyn
313,26.7,Brooklyn
314,20.7,Brooklyn
315,26.1,Brooklyn
317.01,16.5,Brooklyn
317.02,19.3,Brooklyn
319,29.5,Brooklyn
321,23.4,Brooklyn
323,16.0,Brooklyn
325,18.2,Brooklyn
326,40.7,Brooklyn
327,20.6,Brooklyn
328,24.7,Brooklyn
329,19.7,Brooklyn
330,41.3,Brooklyn
331,14.3,Brooklyn
333,15.2,Brooklyn
335,16.4,Brooklyn
336,11.0,Brooklyn
337,18.5,Brooklyn
339,32.4,Brooklyn
340,41.0,Brooklyn
341,17.6,Brooklyn
342,40.7,Brooklyn
343,29.2,Brooklyn
345,34.5,Brooklyn
347,35.3,Brooklyn
348,29.8,Brooklyn
349,31.5,Brooklyn
350,21.9,Brooklyn
351,38.1,Brooklyn
352,51.6,Brooklyn
353,21.8,Brooklyn
354,8.6,Brooklyn
355,21.5,Brooklyn
356.01,17.4,Brooklyn
356.02,17.7,Brooklyn
357,55.1,Brooklyn
359,46.4,Brooklyn
360.01,32.9,Brooklyn
360.02,39.4,Brooklyn
361,29.5,Brooklyn
362,40.9,Brooklyn
363,20.9,Brooklyn
364,22.5,Brooklyn
365.01,19.7,Brooklyn
365.02,35.1,Brooklyn
366,31.3,Brooklyn
367,17.3,Brooklyn
369,33.9,Brooklyn
370,12.6,Brooklyn
371,23.5,Brooklyn
373,34.1,Brooklyn
374.01,10.2,Brooklyn
374.02,21.7,Brooklyn
375,25.2,Brooklyn
377,25.7,Brooklyn
379,30.8,Brooklyn
381,30.6,Brooklyn
382,42.8,Brooklyn
383,15.4,Brooklyn
385,29.4,Brooklyn
386,20.0,Brooklyn
387,29.3,Brooklyn
388,17.3,Brooklyn
389,28.7,Brooklyn
390,19.9,Brooklyn
391,38.7,Brooklyn
392,19.2,Brooklyn
393,24.8,Brooklyn
394,8.9,Brooklyn
395,39.6,Brooklyn
396,13.1,Brooklyn
397,32.7,Brooklyn
398,17.6,Brooklyn
399,32.3,Brooklyn
400,21.4,Brooklyn
401,27.7,Brooklyn
402,20.9,Brooklyn
403,41.8,Brooklyn
404,14.9,Brooklyn
405,28.4,Brooklyn
406,10.9,Brooklyn
408,24.4,Brooklyn
409,34.2,Brooklyn
410,19.3,Brooklyn
411,28.9,Brooklyn
412,15.0,Brooklyn
413,18.4,Brooklyn
414.01,11.7,Brooklyn
414.02,23.3,Brooklyn
415,18.8,Brooklyn
416,24.7,Brooklyn
417,27.4,Brooklyn
418,18.5,Brooklyn
419,32.2,Brooklyn
420,21.5,Brooklyn
421,24.6,Brooklyn
422,17.2,Brooklyn
423,24.7,Brooklyn
424,12.0,Brooklyn
425,29.4,Brooklyn
426,17.6,Brooklyn
427,39.6,Brooklyn
428,17.4,Brooklyn
429,26.3,Brooklyn
430,22.4,Brooklyn
431,36.4,Brooklyn
432,20.7,Brooklyn
433,27.2,Brooklyn
434,22.2,Brooklyn
435,24.8,Brooklyn
436,17.6,Brooklyn
437,31.5,Brooklyn
438,25.8,Brooklyn
439,24.2,Brooklyn
440,25.3,Brooklyn
441,26.3,Brooklyn
442,10.9,Brooklyn
443,21.4,Brooklyn
444,18.0,Brooklyn
445,28.7,Brooklyn
446,17.6,Brooklyn
447,29.5,Brooklyn
448,20.8,Brooklyn
449,38.8,Brooklyn
450,46.6,Brooklyn
452,11.0,Brooklyn
453,43.0,Brooklyn
454,22.3,Brooklyn
456,22.4,Brooklyn
458,7.0,Brooklyn
460,28.0,Brooklyn
462.01,20.4,Brooklyn
462.02,28.2,Brooklyn
464,32.3,Brooklyn
468,36.9,Brooklyn
470,41.7,Brooklyn
472,23.9,Brooklyn
474,21.3,Brooklyn
476,29.6,Brooklyn
477,11.4,Brooklyn
478,35.4,Brooklyn
480,31.9,Brooklyn
481,15.7,Brooklyn
482,34.4,Brooklyn
484,34.1,Brooklyn
485,18.5,Brooklyn
486,25.4,Brooklyn
488,25.1,Brooklyn
489,37.5,Brooklyn
490,31.9,Brooklyn
491,18.2,Brooklyn
492,31.5,Brooklyn
493,29.6,Brooklyn
494,19.6,Brooklyn
495,13.3,Brooklyn
496,12.7,Brooklyn
497,10.1,Brooklyn
498,18.2,Brooklyn
499,6.3,Brooklyn
500,9.6,Brooklyn
501,11.1,Brooklyn
502.02,9.0,Brooklyn
503,10.2,Brooklyn
504,11.6,Brooklyn
505,30.8,Brooklyn
506,21.1,Brooklyn
507,52.1,Brooklyn
508.01,29.9,Brooklyn
508.03,15.2,Brooklyn
508.04,18.6,Brooklyn
509,57.0,Brooklyn
510.01,7.4,Brooklyn
510.02,16.7,Brooklyn
511,29.2,Brooklyn
512,19.7,Brooklyn
513,14.6,Brooklyn
514,16.3,Brooklyn
515,7.2,Brooklyn
516.01,18.6,Brooklyn
516.02,21.2,Brooklyn
517,9.1,Brooklyn
518,15.2,Brooklyn
519,8.8,Brooklyn
520,21.5,Brooklyn
523,17.4,Brooklyn
525,40.4,Brooklyn
526,15.1,Brooklyn
527,38.3,Brooklyn
528,9.7,Brooklyn
529,50.8,Brooklyn
530,23.9,Brooklyn
531,51.1,Brooklyn
532,19.6,Brooklyn
533,61.7,Brooklyn
534,38.2,Brooklyn
535,61.9,Brooklyn
537,49.2,Brooklyn
538,29.3,Brooklyn
539,53.8,Brooklyn
542,31.9,Brooklyn
543,10.2,Brooklyn
544,23.7,Brooklyn
545,52.6,Brooklyn
546,22.5,Brooklyn
547,43.4,Brooklyn
548,13.2,Brooklyn
549,25.8,Brooklyn
550,25.8,Brooklyn
551,13.8,Brooklyn
552,20.1,Brooklyn
553,12.0,Brooklyn
554,21.3,Brooklyn
555,9.1,Brooklyn
556,11.5,Brooklyn
557,11.3,Brooklyn
558,16.1,Brooklyn
560,18.2,Brooklyn
561,9.4,Brooklyn
562,10.9,Brooklyn
563,24.3,Brooklyn
564,3.0,Brooklyn
565,9.9,Brooklyn
566,7.9,Brooklyn
568,11.2,Brooklyn
569,13.3,Brooklyn
570,8.1,Brooklyn
571,9.5,Brooklyn
572,41.6,Brooklyn
573,18.0,Brooklyn
574,11.8,Brooklyn
575,13.4,Brooklyn
576,15.2,Brooklyn
578,23.4,Brooklyn
579,15.1,Brooklyn
580,16.2,Brooklyn
582,27.4,Brooklyn
584,10.0,Brooklyn
586,12.9,Brooklyn
588,19.4,Brooklyn
589,4.6,Brooklyn
590,16.6,Brooklyn
591,10.0,Brooklyn
592,10.1,Brooklyn
593,12.7,Brooklyn
594.01,20.7,Brooklyn
594.02,6.5,Brooklyn
596,9.5,Brooklyn
598,24.3,Brooklyn
600,13.9,Brooklyn
606,25.9,Brooklyn
608,14.8,Brooklyn
610.02,7.1,Brooklyn
610.03,23.8,Brooklyn
610.04,32.9,Brooklyn
612,12.2,Brooklyn
616,17.0,Brooklyn
620,10.0,Brooklyn
622,13.0,Brooklyn
626,25.2,Brooklyn
628,6.2,Brooklyn
632,7.8,Brooklyn
636,3.3,Brooklyn
638,1.7,Brooklyn
640,17.6,Brooklyn
642,14.1,Brooklyn
644,13.0,Brooklyn
646,4.7,Brooklyn
648,5.5,Brooklyn
650,12.0,Brooklyn
652,5.7,Brooklyn
654,6.1,Brooklyn
656,8.2,Brooklyn
658,5.7,Brooklyn
660,0.8,Brooklyn
662,4.2,Brooklyn
670,10.3,Brooklyn
672,18.3,Brooklyn
674,3.9,Brooklyn
676,4.5,Brooklyn
678,5.3,Brooklyn
680,24.0,Brooklyn
682,4.1,Brooklyn
686,8.2,Brooklyn
688,2.2,Brooklyn
690,7.9,Brooklyn
692,5.3,Brooklyn
696.01,15.5,Brooklyn
696.02,9.7,Brooklyn
698,6.4,Brooklyn
700,7.1,Brooklyn
702.01,6.8,Brooklyn
702.02,0.0,Brooklyn
706,0.7,Brooklyn
720,5.9,Brooklyn
722,14.1,Brooklyn
724,5.6,Brooklyn
726,4.2,Brooklyn
728,4.5,Brooklyn
730,4.6,Brooklyn
732,7.3,Brooklyn
734,4.2,Brooklyn
736,20.9,Brooklyn
738,17.6,Brooklyn
740,14.1,Brooklyn
742,13.2,Brooklyn
744,12.6,Brooklyn
746,11.8,Brooklyn
748,31.2,Brooklyn
750,21.2,Brooklyn
752,1.1,Brooklyn
754,29.3,Brooklyn
756,15.7,Brooklyn
758,7.0,Brooklyn
760,19.7,Brooklyn
762,31.8,Brooklyn
764,17.6,Brooklyn
766,12.1,Brooklyn
768,25.3,Brooklyn
770,19.9,Brooklyn
772,15.4,Brooklyn
774,24.5,Brooklyn
776,6.5,Brooklyn
780,4.7,Brooklyn
782,15.1,Brooklyn
784,8.6,Brooklyn
786,19.0,Brooklyn
788,20.2,Brooklyn
790,14.0,Brooklyn
792,32.7,Brooklyn
794,21.3,Brooklyn
796.01,11.8,Brooklyn
796.02,28.6,Brooklyn
798.01,8.5,Brooklyn
798.02,17.4,Brooklyn
800,19.1,Brooklyn
802,22.3,Brooklyn
804,29.4,Brooklyn
806,28.8,Brooklyn
808,71.4,Brooklyn
810,24.6,Brooklyn
814,24.1,Brooklyn
816,21.4,Brooklyn
818,30.0,Brooklyn
820,22.5,Brooklyn
822,21.0,Brooklyn
824,21.2,Brooklyn
826,19.0,Brooklyn
828,16.0,Brooklyn
830,11.0,Brooklyn
832,3.9,Brooklyn
834,12.9,Brooklyn
836,8.7,Brooklyn
838,3.9,Brooklyn
840,6.9,Brooklyn
846,21.4,Brooklyn
848,18.9,Brooklyn
850,10.7,Brooklyn
852,0.0,Brooklyn
854,8.1,Brooklyn
856,10.3,Brooklyn
858,15.1,Brooklyn
860,23.2,Brooklyn
862,14.9,Brooklyn
864,14.4,Brooklyn
866,12.5,Brooklyn
868,24.8,Brooklyn
870,22.5,Brooklyn
872,15.3,Brooklyn
874.01,31.2,Brooklyn
876,15.4,Brooklyn
878,31.5,Brooklyn
880,16.4,Brooklyn
882,14.1,Brooklyn
884,21.5,Brooklyn
886,22.2,Brooklyn
888,17.5,Brooklyn
890,38.5,Brooklyn
892,31.6,Brooklyn
894,27.9,Brooklyn
896,26.1,Brooklyn
898,26.4,Brooklyn
900,37.4,Brooklyn
902,40.4,Brooklyn
906,47.9,Brooklyn
908,62.1,Brooklyn
910,67.3,Brooklyn
912,49.7,Brooklyn
916,33.1,Brooklyn
918,38.9,Brooklyn
920,33.5,Brooklyn
922,10.7,Brooklyn
924,21.3,Brooklyn
928,11.6,Brooklyn
930,9.7,Brooklyn
932,4.3,Brooklyn
934,10.8,Brooklyn
936,6.5,Brooklyn
938,25.1,Brooklyn
944.01,14.0,Brooklyn
944.02,33.6,Brooklyn
946,11.7,Brooklyn
950,11.5,Brooklyn
954,11.6,Brooklyn
956,15.4,Brooklyn
958,13.9,Brooklyn
962,20.3,Brooklyn
964,22.3,Brooklyn
966,10.8,Brooklyn
968,14.7,Brooklyn
970,13.0,Brooklyn
974,19.1,Brooklyn
982,42.6,Brooklyn
984,19.1,Brooklyn
986,8.0,Brooklyn
988,16.4,Brooklyn
990,15.1,Brooklyn
992,20.6,Brooklyn
994,16.7,Brooklyn
996,9.9,Brooklyn
998,10.3,Brooklyn
1004,8.2,Brooklyn
1006,13.9,Brooklyn
1008,24.0,Brooklyn
1010,11.6,Brooklyn
1012,8.2,Brooklyn
1014,13.4,Brooklyn
1016,2.8,Brooklyn
1018,5.1,Brooklyn
1020,14.7,Brooklyn
1022,13.3,Brooklyn
1024,3.6,Brooklyn
1026,7.2,Brooklyn
1028,10.3,Brooklyn
1034,43.5,Brooklyn
1058.01,34.1,Brooklyn
1058.04,32.8,Brooklyn
1070,3.6,Brooklyn
1078,8.6,Brooklyn
1098,24.3,Brooklyn
1104,22.0,Brooklyn
1106,38.5,Brooklyn
1110,46.1,Brooklyn
1116,37.8,Brooklyn
1118,35.8,Brooklyn
1120,40.8,Brooklyn
1122,33.4,Brooklyn
1124,34.8,Brooklyn
1126,30.7,Brooklyn
1128,35.4,Brooklyn
1130,42.2,Brooklyn
1132,14.1,Brooklyn
1134,47.6,Brooklyn
1142.01,20.6,Brooklyn
1142.02,15.9,Brooklyn
1144,43.9,Brooklyn
1146,32.6,Brooklyn
1150,29.8,Brooklyn
1152,35.9,Brooklyn
1156,49.2,Brooklyn
1158,23.7,Brooklyn
1160,25.9,Brooklyn
1162,26.1,Brooklyn
1164,29.1,Brooklyn
1166,29.8,Brooklyn
1168,38.3,Brooklyn
1170,23.6,Brooklyn
1172.01,24.8,Brooklyn
1172.02,11.3,Brooklyn
1174,24.0,Brooklyn
1176.01,26.2,Brooklyn
1176.02,29.1,Brooklyn
1178,24.8,Brooklyn
1182.01,19.9,Brooklyn
1182.02,27.5,Brooklyn
1184,25.0,Brooklyn
1186,35.5,Brooklyn
1188,32.2,Brooklyn
1190,44.7,Brooklyn
1192,37.4,Brooklyn
1194,28.6,Brooklyn
1196,24.1,Brooklyn
1198,38.8,Brooklyn
1200,36.7,Brooklyn
1202,27.0,Brooklyn
1208,26.9,Brooklyn
1210,51.1,Brooklyn
1214,48.2,Brooklyn
1220,20.4,Brooklyn
1237,58.9,Brooklyn
1502,6.3,Brooklyn
1522,19.8,Brooklyn
2.01,48.6,Manhattan
2.02,24.6,Manhattan
6,44.7,Manhattan
7,10.6,Manhattan
8,28.9,Manhattan
9,6.0,Manhattan
10.01,5.8,Manhattan
10.02,38.9,Manhattan
12,17.6,Manhattan
13,7.4,Manhattan
14.01,5.7,Manhattan
14.02,31.0,Manhattan
15.01,10.3,Manhattan
15.02,8.3,Manhattan
16,34.6,Manhattan
18,26.0,Manhattan
20,48.1,Manhattan
21,2.9,Manhattan
22.01,27.7,Manhattan
22.02,17.4,Manhattan
24,38.2,Manhattan
25,47.6,Manhattan
26.01,25.6,Manhattan
26.02,14.2,Manhattan
27,11.8,Manhattan
28,34.7,Manhattan
29,20.6,Manhattan
30.01,16.0,Manhattan
30.02,18.7,Manhattan
31,13.1,Manhattan
32,10.9,Manhattan
33,4.1,Manhattan
34,24.1,Manhattan
36.01,32.9,Manhattan
36.02,24.7,Manhattan
37,4.9,Manhattan
38,13.9,Manhattan
39,6.2,Manhattan
40,13.0,Manhattan
41,18.5,Manhattan
42,11.5,Manhattan
43,18.0,Manhattan
44,13.1,Manhattan
45,3.8,Manhattan
47,11.2,Manhattan
48,9.3,Manhattan
49,4.7,Manhattan
50,8.0,Manhattan
52,11.9,Manhattan
54,4.7,Manhattan
55.01,4.8,Manhattan
55.02,12.8,Manhattan
56,19.6,Manhattan
57,4.5,Manhattan
58,4.7,Manhattan
59,3.9,Manhattan
60,11.0,Manhattan
61,5.0,Manhattan
62,36.9,Manhattan
63,4.0,Manhattan
64,8.6,Manhattan
65,12.3,Manhattan
66,14.7,Manhattan
67,4.9,Manhattan
68,11.2,Manhattan
69,7.4,Manhattan
70,9.9,Manhattan
71,8.2,Manhattan
72,9.2,Manhattan
73,7.0,Manhattan
74,12.2,Manhattan
75,4.5,Manhattan
76,18.6,Manhattan
77,3.5,Manhattan
78,7.6,Manhattan
79,8.8,Manhattan
80,10.5,Manhattan
81,10.2,Manhattan
82,7.4,Manhattan
83,18.5,Manhattan
84,15.4,Manhattan
86.01,5.6,Manhattan
86.03,5.1,Manhattan
87,4.6,Manhattan
88,7.6,Manhattan
89,12.3,Manhattan
90,8.9,Manhattan
91,13.2,Manhattan
92,5.4,Manhattan
93,24.6,Manhattan
94,0.0,Manhattan
95,13.7,Manhattan
96,8.1,Manhattan
97,16.9,Manhattan
98,4.1,Manhattan
99,7.4,Manhattan
100,8.5,Manhattan
101,11.4,Manhattan
102,8.1,Manhattan
103,8.4,Manhattan
104,7.9,Manhattan
106.01,5.5,Manhattan
106.02,4.6,Manhattan
108,3.8,Manhattan
109,16.7,Manhattan
110,5.4,Manhattan
111,16.1,Manhattan
112.01,7.4,Manhattan
112.02,4.5,Manhattan
112.03,10.9,Manhattan
113,19.0,Manhattan
114.01,3.2,Manhattan
114.02,4.0,Manhattan
115,18.8,Manhattan
116,5.4,Manhattan
117,12.4,Manhattan
118,6.5,Manhattan
119,55.5,Manhattan
120,6.4,Manhattan
121,9.9,Manhattan
122,3.2,Manhattan
124,7.1,Manhattan
125,8.8,Manhattan
126,2.7,Manhattan
127,12.5,Manhattan
128,4.5,Manhattan
129,12.5,Manhattan
130,7.1,Manhattan
131,20.0,Manhattan
132,7.0,Manhattan
133,14.5,Manhattan
134,14.3,Manhattan
135,18.6,Manhattan
136,3.1,Manhattan
137,8.4,Manhattan
138,7.4,Manhattan
139,7.3,Manhattan
140,6.9,Manhattan
142,5.9,Manhattan
143,100.0,Manhattan
144.01,4.1,Manhattan
144.02,5.4,Manhattan
145,4.4,Manhattan
146.01,3.8,Manhattan
146.02,4.4,Manhattan
147,3.0,Manhattan
148.01,4.4,Manhattan
148.02,5.1,Manhattan
149,5.1,Manhattan
150.01,12.4,Manhattan
150.02,3.5,Manhattan
151,21.9,Manhattan
152,13.1,Manhattan
153,4.0,Manhattan
154,9.2,Manhattan
155,5.8,Manhattan
156.01,9.7,Manhattan
156.02,21.7,Manhattan
157,6.5,Manhattan
158.01,4.8,Manhattan
158.02,5.7,Manhattan
159,10.9,Manhattan
160.01,2.0,Manhattan
160.02,11.0,Manhattan
161,2.8,Manhattan
162,40.1,Manhattan
163,8.6,Manhattan
164,24.1,Manhattan
165,6.2,Manhattan
166,24.5,Manhattan
167,8.0,Manhattan
168,37.5,Manhattan
169,7.5,Manhattan
170,30.1,Manhattan
171,8.4,Manhattan
172,22.5,Manhattan
173,3.9,Manhattan
174.01,36.6,Manhattan
174.02,29.1,Manhattan
175,3.5,Manhattan
177,17.7,Manhattan
178,24.6,Manhattan
179,10.8,Manhattan
180,25.7,Manhattan
181,7.4,Manhattan
182,43.0,Manhattan
183,6.4,Manhattan
184,33.2,Manhattan
185,7.2,Manhattan
186,44.4,Manhattan
187,12.0,Manhattan
188,29.7,Manhattan
189,36.0,Manhattan
190,17.7,Manhattan
191,10.2,Manhattan
192,56.6,Manhattan
193,32.1,Manhattan
194,54.5,Manhattan
195,12.3,Manhattan
196,37.3,Manhattan
197.01,36.9,Manhattan
197.02,25.7,Manhattan
198,16.8,Manhattan
199,19.2,Manhattan
200,12.4,Manhattan
201.01,16.2,Manhattan
201.02,18.5,Manhattan
203,26.6,Manhattan
205,3.9,Manhattan
206,25.1,Manhattan
207.01,29.6,Manhattan
208,25.6,Manhattan
209.01,35.4,Manhattan
210,34.5,Manhattan
211,29.5,Manhattan
212,9.2,Manhattan
213.03,34.7,Manhattan
214,25.6,Manhattan
215,28.3,Manhattan
216,23.6,Manhattan
217.03,0.0,Manhattan
218,39.0,Manhattan
219,43.0,Manhattan
220,22.5,Manhattan
221.02,14.5,Manhattan
222,42.8,Manhattan
223.01,24.6,Manhattan
223.02,36.8,Manhattan
224,45.5,Manhattan
225,27.2,Manhattan
226,34.4,Manhattan
227,26.8,Manhattan
228,30.5,Manhattan
229,28.8,Manhattan
230,27.7,Manhattan
231,22.1,Manhattan
232,30.2,Manhattan
233,26.0,Manhattan
234,31.7,Manhattan
235.01,41.3,Manhattan
235.02,22.2,Manhattan
236,18.5,Manhattan
237,17.2,Manhattan
238.01,10.2,Manhattan
238.02,18.2,Manhattan
239,22.6,Manhattan
240,88.4,Manhattan
241,25.7,Manhattan
242,48.2,Manhattan
243.01,32.5,Manhattan
243.02,42.6,Manhattan
245,30.8,Manhattan
247,22.9,Manhattan
249,29.6,Manhattan
251,32.7,Manhattan
253,27.9,Manhattan
255,28.8,Manhattan
257,10.9,Manhattan
259,25.0,Manhattan
261,34.2,Manhattan
263,29.1,Manhattan
265,16.5,Manhattan
267,18.5,Manhattan
269,22.3,Manhattan
271,27.6,Manhattan
273,17.0,Manhattan
275,7.7,Manhattan
277,38.6,Manhattan
279,14.9,Manhattan
281,5.2,Manhattan
283,12.3,Manhattan
285,28.1,Manhattan
287,26.7,Manhattan
291,28.9,Manhattan
293,31.3,Manhattan
295,14.7,Manhattan
299,37.6,Manhattan
303,32.6,Manhattan
307,5.3,Manhattan
309,30.4,Manhattan
317.03,4.3,Manhattan
317.04,3.8,Manhattan
1,11.4,Queens
2,14.2,Queens
4,13.3,Queens
6,14.7,Queens
7,6.1,Queens
8,17.6,Queens
10,12.4,Queens
12,12.1,Queens
14,7.3,Queens
16,22.1,Queens
18,19.1,Queens
19,7.6,Queens
20,13.6,Queens
22,13.4,Queens
24,15.3,Queens
25,48.2,Queens
26,11.7,Queens
28,16.6,Queens
30,21.9,Queens
31,18.5,Queens
32,14.4,Queens
33,22.9,Queens
34,14.1,Queens
36,11.7,Queens
38,22.1,Queens
39,36.5,Queens
40.01,13.1,Queens
40.02,24.7,Queens
42,25.0,Queens
43,41.9,Queens
44.01,23.2,Queens
45,8.4,Queens
47,25.9,Queens
50,0.0,Queens
51,28.8,Queens
52,15.1,Queens
53,13.4,Queens
54,23.0,Queens
55,18.0,Queens
57,21.8,Queens
58,11.3,Queens
59,12.3,Queens
61,14.0,Queens
62.01,13.8,Queens
62.02,13.1,Queens
63,20.2,Queens
65.01,12.3,Queens
65.02,18.0,Queens
69,12.1,Queens
71,16.7,Queens
73,21.5,Queens
75,13.7,Queens
77,13.6,Queens
79,22.3,Queens
81,12.5,Queens
83,16.3,Queens
85,18.1,Queens
86,14.6,Queens
87,39.2,Queens
88,7.0,Queens
91,11.3,Queens
94,16.6,Queens
95,13.8,Queens
96,10.6,Queens
97,5.4,Queens
98,21.9,Queens
100,19.8,Queens
101,10.5,Queens
102,10.3,Queens
103,11.8,Queens
104,21.9,Queens
105,22.8,Queens
106,20.6,Queens
108,15.3,Queens
110,19.6,Queens
111,11.8,Queens
112,26.2,Queens
113,9.5,Queens
114,24.8,Queens
115,16.9,Queens
116,9.4,Queens
117,12.9,Queens
118,20.9,Queens
119,17.3,Queens
120,29.7,Queens
121,10.7,Queens
122,19.1,Queens
123.01,6.7,Queens
124,20.9,Queens
125,9.6,Queens
126.01,18.5,Queens
126.02,13.7,Queens
128,15.2,Queens
130,6.0,Queens
132,17.8,Queens
134,12.0,Queens
135,4.0,Queens
136,8.8,Queens
137,16.0,Queens
138,16.9,Queens
140,7.4,Queens
141,10.8,Queens
142.01,18.1,Queens
142.02,20.3,Queens
143,13.6,Queens
144,17.8,Queens
145,16.5,Queens
147,5.1,Queens
148,21.0,Queens
149,8.1,Queens
150,12.3,Queens
151,16.3,Queens
152,19.3,Queens
153,14.3,Queens
154,18.1,Queens
155,12.4,Queens
156,13.3,Queens
157,24.6,Queens
158.01,14.5,Queens
158.02,9.8,Queens
159,26.0,Queens
161,19.6,Queens
163,26.4,Queens
164,11.1,Queens
166,9.2,Queens
168,6.9,Queens
169,8.0,Queens
170,15.4,Queens
172,7.4,Queens
174,18.1,Queens
176,10.2,Queens
178,15.6,Queens
179,11.7,Queens
180,21.7,Queens
181.01,17.0,Queens
181.02,15.4,Queens
182,10.6,Queens
183,17.2,Queens
184.01,8.8,Queens
184.02,24.1,Queens
185.01,16.0,Queens
185.02,17.8,Queens
186,19.0,Queens
187,6.8,Queens
188,10.2,Queens
189,15.0,Queens
190,8.9,Queens
192,3.9,Queens
194,8.0,Queens
196,14.7,Queens
198,34.1,Queens
199,16.0,Queens
202,17.5,Queens
204,25.8,Queens
205,17.8,Queens
206,9.1,Queens
208,11.9,Queens
212,22.7,Queens
214,28.7,Queens
216,11.1,Queens
219,0.0,Queens
220.01,9.2,Queens
220.02,14.1,Queens
230,8.0,Queens
232,16.1,Queens
235,24.5,Queens
236,15.9,Queens
238,28.2,Queens
240,24.8,Queens
243,9.5,Queens
245,8.1,Queens
247,8.7,Queens
249,14.3,Queens
251,9.2,Queens
253.01,13.1,Queens
253.02,18.8,Queens
254,26.4,Queens
255,11.0,Queens
257,9.1,Queens
258,12.7,Queens
259,13.3,Queens
260,35.4,Queens
261,26.2,Queens
262,20.4,Queens
263,22.3,Queens
264,16.1,Queens
265,17.0,Queens
266,24.9,Queens
267,18.3,Queens
269.01,18.5,Queens
269.02,22.1,Queens
270,29.3,Queens
271,20.0,Queens
272,13.1,Queens
273,25.6,Queens
274,5.4,Queens
275,21.8,Queens
276,9.4,Queens
277,18.0,Queens
278,24.7,Queens
279,14.5,Queens
280,2.2,Queens
281,9.6,Queens
282,7.0,Queens
283,17.4,Queens
284,23.1,Queens
285,18.8,Queens
287,14.9,Queens
288,11.6,Queens
289,13.1,Queens
291,23.5,Queens
293,10.8,Queens
294,8.9,Queens
295,8.6,Queens
297,21.4,Queens
306,11.0,Queens
309.02,25.8,Queens
309.03,16.5,Queens
309.04,14.3,Queens
317,7.7,Queens
320,21.3,Queens
327,17.6,Queens
328,8.4,Queens
329,16.1,Queens
330,14.6,Queens
334.01,10.8,Queens
334.02,10.0,Queens
337,16.0,Queens
339,6.7,Queens
347,12.6,Queens
351,15.9,Queens
352,6.2,Queens
353,26.4,Queens
357,15.7,Queens
358,7.4,Queens
361,21.7,Queens
363,21.3,Queens
365,23.3,Queens
366,11.0,Queens
367,13.6,Queens
368,7.2,Queens
371,27.9,Queens
373,17.3,Queens
375,21.7,Queens
376,5.6,Queens
377,26.4,Queens
379,22.6,Queens
381,27.2,Queens
384,9.4,Queens
394,10.1,Queens
398,4.3,Queens
399,19.9,Queens
400,6.4,Queens
401,22.9,Queens
402,13.9,Queens
403,23.8,Queens
404,15.2,Queens
405,30.5,Queens
407,16.2,Queens
409,23.3,Queens
411,24.2,Queens
413,27.2,Queens
414,15.2,Queens
415,18.6,Queens
424,11.3,Queens
426,62.7,Queens
427,27.9,Queens
432,2.4,Queens
434,3.5,Queens
437.01,25.0,Queens
437.02,21.0,Queens
439,34.4,Queens
440,19.6,Queens
443.01,55.2,Queens
443.02,17.0,Queens
444,25.7,Queens
446.01,19.6,Queens
446.02,39.0,Queens
448,21.8,Queens
450,9.1,Queens
452,24.8,Queens
454,14.4,Queens
455,17.6,Queens
456,15.5,Queens
457,15.1,Queens
458,13.2,Queens
459,18.4,Queens
460,31.3,Queens
461,24.6,Queens
462,15.6,Queens
463,24.9,Queens
464,10.6,Queens
465,19.3,Queens
466,30.8,Queens
467,32.8,Queens
468,13.1,Queens
469,29.1,Queens
470,10.9,Queens
471,20.9,Queens
472,13.1,Queens
473,17.0,Queens
475,19.4,Queens
476,5.1,Queens
478,7.4,Queens
479,17.4,Queens
480,10.0,Queens
481,16.2,Queens
482,7.8,Queens
483,20.1,Queens
484,8.4,Queens
485,11.3,Queens
489,8.0,Queens
492,6.8,Queens
493.01,7.0,Queens
493.02,12.0,Queens
495,11.6,Queens
496,10.3,Queens
497,11.3,Queens
499,13.1,Queens
500,24.2,Queens
502.01,2.5,Queens
502.02,6.9,Queens
504,8.6,Queens
505,12.9,Queens
506,4.0,Queens
507,12.0,Queens
508,10.9,Queens
510,4.5,Queens
511,4.1,Queens
512,11.6,Queens
513,6.4,Queens
515,10.2,Queens
516,9.3,Queens
517,14.6,Queens
518,7.0,Queens
520,3.6,Queens
521,15.9,Queens
522,6.9,Queens
524,9.9,Queens
525,19.2,Queens
526,24.6,Queens
528,13.3,Queens
530,7.8,Queens
531,16.7,Queens
532,4.9,Queens
534.01,2.0,Queens
535,17.8,Queens
536.01,6.0,Queens
538,6.6,Queens
539,21.2,Queens
540,19.3,Queens
542,16.1,Queens
545,19.9,Queens
547,26.4,Queens
548,5.2,Queens
549,27.6,Queens
551,20.1,Queens
552,12.2,Queens
553,28.9,Queens
554,8.9,Queens
555,23.1,Queens
556,5.5,Queens
557,20.6,Queens
558,5.1,Queens
559,26.6,Queens
560,16.0,Queens
561,0.0,Queens
562,12.3,Queens
564,5.1,Queens
565,22.0,Queens
566,8.2,Queens
567,6.9,Queens
568,7.3,Queens
577,9.7,Queens
579,9.8,Queens
580,6.9,Queens
581,13.4,Queens
582,17.4,Queens
583,9.3,Queens
585,14.9,Queens
587,13.0,Queens
589,26.8,Queens
590,14.1,Queens
591,12.9,Queens
592,3.0,Queens
593,12.0,Queens
594,3.5,Queens
595,17.2,Queens
596,1.7,Queens
598,5.7,Queens
599,6.8,Queens
600,3.5,Queens
601,13.3,Queens
603,6.3,Queens
606,1.7,Queens
607.01,0.0,Queens
608,5.8,Queens
610,0.8,Queens
612,6.8,Queens
613.01,20.5,Queens
613.02,0.0,Queens
614,2.0,Queens
616.01,3.7,Queens
616.02,6.2,Queens
618,3.6,Queens
619,13.2,Queens
620,2.2,Queens
621,18.5,Queens
622,4.7,Queens
623,15.2,Queens
625,5.1,Queens
626,7.1,Queens
627,5.4,Queens
629,9.1,Queens
630,3.3,Queens
632,6.4,Queens
633.01,8.1,Queens
633.02,4.6,Queens
635,5.4,Queens
637,5.9,Queens
638,12.6,Queens
639,7.7,Queens
641.01,11.8,Queens
641.02,0.0,Queens
645,8.5,Queens
646,8.8,Queens
650,3.7,Queens
654,5.7,Queens
656,10.7,Queens
657.02,6.5,Queens
657.03,4.5,Queens
659,7.3,Queens
660,5.4,Queens
661,6.2,Queens
663,5.0,Queens
664,8.5,Queens
665.01,7.1,Queens
667.01,8.0,Queens
669,4.2,Queens
671,5.6,Queens
677,2.6,Queens
679,13.2,Queens
680,2.4,Queens
682,9.4,Queens
683,19.4,Queens
687,13.9,Queens
690,9.8,Queens
693,24.3,Queens
694,16.4,Queens
695,9.6,Queens
697.01,14.8,Queens
697.02,6.6,Queens
703,4.4,Queens
707,8.2,Queens
709,5.4,Queens
711,16.0,Queens
713.03,6.1,Queens
713.04,21.8,Queens
713.05,9.5,Queens
713.06,18.0,Queens
717.01,12.9,Queens
717.02,15.2,Queens
719,15.5,Queens
721,14.4,Queens
723,2.3,Queens
729,7.7,Queens
731,6.9,Queens
737,5.4,Queens
739,5.3,Queens
741,6.5,Queens
743,7.5,Queens
745,16.3,Queens
747,9.0,Queens
749,2.0,Queens
757.01,5.7,Queens
757.02,10.8,Queens
769.01,3.4,Queens
769.02,6.5,Queens
773,9.2,Queens
775,7.8,Queens
779.02,9.6,Queens
779.03,8.1,Queens
779.04,15.2,Queens
779.05,7.5,Queens
779.06,10.8,Queens
779.07,16.3,Queens
779.08,17.5,Queens
788,14.5,Queens
790,21.5,Queens
792,16.7,Queens
797.01,17.6,Queens
797.02,23.9,Queens
799,21.4,Queens
803.01,12.0,Queens
803.02,4.3,Queens
809,6.2,Queens
814,17.7,Queens
818,25.6,Queens
837,16.0,Queens
838,11.3,Queens
840,8.5,Queens
845,22.3,Queens
846.01,8.7,Queens
846.02,22.7,Queens
849,29.3,Queens
853,23.7,Queens
855,19.8,Queens
857,28.7,Queens
859,22.3,Queens
861,18.9,Queens
863,23.3,Queens
864,13.2,Queens
865,30.4,Queens
869,32.5,Queens
871,36.1,Queens
884,8.2,Queens
889.01,24.8,Queens
892,2.9,Queens
907,13.1,Queens
916.01,3.5,Queens
918,0.0,Queens
919,18.2,Queens
922,1.9,Queens
925,20.1,Queens
928,1.2,Queens
929,9.7,Queens
934.01,4.8,Queens
934.02,9.5,Queens
938,8.7,Queens
939,10.1,Queens
942.01,12.8,Queens
942.02,30.1,Queens
942.03,5.7,Queens
945,12.8,Queens
947,13.5,Queens
954,18.7,Queens
964,15.6,Queens
972.02,28.3,Queens
972.03,45.5,Queens
972.04,22.8,Queens
973,1.6,Queens
981,10.0,Queens
987,2.1,Queens
991,4.0,Queens
992,22.0,Queens
997.01,6.3,Queens
997.03,3.0,Queens
997.04,9.8,Queens
997.05,5.2,Queens
998.01,14.7,Queens
998.02,21.4,Queens
1008.01,21.5,Queens
1008.02,16.1,Queens
1010.01,30.0,Queens
1010.02,22.3,Queens
1017,5.8,Queens
1029,6.0,Queens
1032.01,30.9,Queens
1032.02,15.9,Queens
1033,9.8,Queens
1039,4.2,Queens
1047,6.4,Queens
1059,3.8,Queens
1072.01,11.0,Queens
1085,11.8,Queens
1093,1.5,Queens
1097,1.9,Queens
1099,6.9,Queens
1113,8.8,Queens
1123,14.6,Queens
1129,5.6,Queens
1133,4.4,Queens
1139,9.9,Queens
1141,4.2,Queens
1147,10.4,Queens
1151,3.4,Queens
1155,9.7,Queens
1157,15.4,Queens
1159,18.7,Queens
1161,19.7,Queens
1163,25.5,Queens
1167,26.6,Queens
1171,22.0,Queens
1175,9.1,Queens
1181,11.0,Queens
1185,15.2,Queens
1187,15.9,Queens
1189,14.9,Queens
1191,12.7,Queens
1193,16.7,Queens
1195,3.0,Queens
1199,17.5,Queens
1201,13.6,Queens
1203,20.8,Queens
1205,28.6,Queens
1207,9.6,Queens
1215,16.1,Queens
1223,12.1,Queens
1227.01,13.6,Queens
1227.02,40.2,Queens
1241,15.8,Queens
1247,14.0,Queens
1257,21.4,Queens
1265,18.8,Queens
1267,14.9,Queens
1277,7.6,Queens
1283,0.0,Queens
1291.02,7.3,Queens
1291.03,7.0,Queens
1291.04,5.9,Queens
1301,7.1,Queens
1333,7.1,Queens
1339,10.3,Queens
1341,8.5,Queens
1347,15.5,Queens
1367,10.3,Queens
1377,12.5,Queens
1385.01,6.3,Queens
1385.02,71.9,Queens
1399,3.2,Queens
1403,6.7,Queens
1409.01,8.2,Queens
1409.02,5.1,Queens
1417,4.2,Queens
1429,9.1,Queens
1435,6.2,Queens
1441,12.3,Queens
1447,17.9,Queens
1451.01,7.8,Queens
1451.02,6.5,Queens
1459,5.9,Queens
1463,9.9,Queens
1467,10.8,Queens
1471,5.8,Queens
1479,9.7,Queens
1483,2.8,Queens
1507.01,4.6,Queens
1507.02,10.1,Queens
1529.01,9.6,Queens
1529.02,4.9,Queens
1551.01,2.2,Queens
1551.02,5.2,Queens
1567,30.9,Queens
1571.01,10.6,Queens
1571.02,15.2,Queens
1579.01,9.3,Queens
1579.02,9.6,Queens
1579.03,5.4,Queens
1617,2.9,Queens
1621,11.9,Queens
3,18.4,Staten Island
6,18.0,Staten Island
7,35.4,Staten Island
8,11.3,Staten Island
9,17.8,Staten Island
11,23.2,Staten Island
17,25.4,Staten Island
18,0.0,Staten Island
20.01,4.7,Staten Island
20.02,13.2,Staten Island
21,25.1,Staten Island
27,36.9,Staten Island
29,32.1,Staten Island
33,9.9,Staten Island
36,11.6,Staten Island
39,12.9,Staten Island
40,29.2,Staten Island
47,3.7,Staten Island
50,6.3,Staten Island
59,10.2,Staten Island
64,17.8,Staten Island
67,10.0,Staten Island
70,17.8,Staten Island
74,14.6,Staten Island
75,26.1,Staten Island
77,26.3,Staten Island
81,29.6,Staten Island
96.01,16.1,Staten Island
96.02,2.3,Staten Island
97,18.6,Staten Island
105,17.4,Staten Island
112.01,1.9,Staten Island
112.02,12.3,Staten Island
114.01,30.6,Staten Island
114.02,6.1,Staten Island
121,13.1,Staten Island
122,4.1,Staten Island
125,11.6,Staten Island
128.04,9.1,Staten Island
128.05,5.6,Staten Island
128.06,8.4,Staten Island
132.01,4.3,Staten Island
132.03,8.6,Staten Island
132.04,8.8,Staten Island
133.01,68.3,Staten Island
133.02,17.6,Staten Island
134,8.4,Staten Island
138,1.8,Staten Island
141,25.5,Staten Island
146.04,9.3,Staten Island
146.05,4.3,Staten Island
146.06,6.7,Staten Island
146.07,9.6,Staten Island
146.08,5.1,Staten Island
147,6.6,Staten Island
151,5.5,Staten Island
156.01,5.7,Staten Island
156.02,2.4,Staten Island
156.03,8.9,Staten Island
169.01,7.4,Staten Island
170.05,4.2,Staten Island
170.07,7.6,Staten Island
170.08,4.5,Staten Island
170.09,8.5,Staten Island
170.10,7.7,Staten Island
170.11,7.0,Staten Island
170.12,9.0,Staten Island
173,20.2,Staten Island
176,3.7,Staten Island
177,4.3,Staten Island
181,14.0,Staten Island
187.01,13.0,Staten Island
187.02,4.4,Staten Island
189.01,12.7,Staten Island
189.02,11.2,Staten Island
197,4.4,Staten Island
198,5.3,Staten Island
201,15.0,Staten Island
207,33.4,Staten Island
208.01,19.6,Staten Island
208.03,7.6,Staten Island
208.04,7.8,Staten Island
213,27.8,Staten Island
223,15.1,Staten Island
226,2.8,Staten Island
228,0.0,Staten Island
231,19.4,Staten Island
239,22.7,Staten Island
244.01,4.4,Staten Island
244.02,6.5,Staten Island
247,14.4,Staten Island
248,8.2,Staten Island
251,5.2,Staten Island
273.01,16.9,Staten Island
273.02,10.1,Staten Island
277.02,11.1,Staten Island
277.04,4.9,Staten Island
277.05,5.5,Staten Island
277.06,7.5,Staten Island
279,7.5,Staten Island
291.02,5.9,Staten Island
291.03,5.5,Staten Island
291.04,7.2,Staten Island
303.01,8.7,Staten Island
303.02,19.0,Staten Island
319.01,39.3,Staten Island
319.02,41.2,Staten Island
323,20.5,Staten Island
